date,category,description,amount
2026-01-02,Food,Supermarket groceries,82.45
2026-01-03,Transport,Metro card recharge,25.00
2026-01-04,Bills,Electricity bill,118.72
2026-01-05,Entertainment,Movie tickets,32.00
2026-01-06,Food,Coffee and breakfast,12.80
2026-01-08,Shopping,Running shoes,96.50
2026-01-09,Health,Pharmacy prescription,38.25
2026-01-11,Food,Restaurant dinner,64.90
2026-01-12,Other,Gift for friend,45.00
2026-01-14,Transport,Rideshare trip,18.60
2026-01-15,Bills,Internet bill,59.99
2026-01-17,Food,Weekly groceries,76.30
2026-01-18,Entertainment,Music subscription,10.99
2026-01-20,Health,Yoga class,22.00
2026-01-21,Shopping,Kitchen supplies,41.75
2026-01-23,Transport,Fuel,54.20
2026-01-24,Food,Lunch with colleagues,28.50
2026-01-26,Bills,Mobile phone bill,42.00
2026-01-27,Other,Charity donation,30.00
2026-01-29,Entertainment,Streaming subscription,15.49
2026-02-01,Food,Supermarket groceries,91.15
2026-02-03,Transport,Train ticket,36.00
2026-02-05,Bills,Water bill,27.80
2026-02-06,Shopping,Winter jacket,125.00
2026-02-08,Health,Dentist visit,110.00
2026-02-10,Food,Takeaway dinner,24.75
2026-02-12,Entertainment,Concert ticket,85.00
2026-02-14,Other,Home repair,67.50
2026-02-16,Transport,Parking,14.00
2026-02-18,Food,Bakery and coffee,16.40
