"date","category","description","amount"
"2026-01-02","Bills","Gas Provider","53.0"
"2026-01-03","Shopping","Amazon Purchase","29.94"
"2026-01-03","Shopping","Amazon Purchase","76.97"
"2026-01-04","Transport","Chevron","32.55"
"2026-01-04","Food","Whole Foods Market","120.24"
"2026-01-04","Shopping","Department Store","32.19"
"2026-01-04","Food","Sushi Bar","84.19"
"2026-01-05","Shopping","Clothing Boutique","18.89"
"2026-01-05","Shopping","Clothing Boutique","87.95"
"2026-01-05","Bills","Trash Collection","111.42"
"2026-01-06","Transport","Shell Station","32.96"
"2026-01-07","Bills","Software License","20.42"
"2026-01-08","Entertainment","Concert Tickets","85.03"
"2026-01-09","Food","Trader Joes","97.43"
"2026-01-09","Food","Whole Foods Market","133.52"
"2026-01-09","Bills","Magazine Sub","25.16"
"2026-01-09","Food","Corner Bistro","11.81"
"2026-01-11","Bills","Gym Membership","18.23"
"2026-01-11","Shopping","Home Depot","65.77"
"2026-01-11","Entertainment","Bowling Alley","48.14"
"2026-01-11","Food","Kroger","118.34"
"2026-01-13","Food","Kroger","48.29"
"2026-01-14","Bills","Cloud Storage","29.42"
"2026-01-15","Food","Kroger","126.79"
"2026-01-15","Food","Sushi Bar","34.82"
"2026-01-15","Food","Safeway","115.59"
"2026-01-16","Food","Taco Truck","73.93"
"2026-01-17","Shopping","Clothing Boutique","75.9"
"2026-01-17","Shopping","Amazon Purchase","53.73"
"2026-01-17","Bills","Software License","11.01"
"2026-01-19","Bills","Gym Membership","17.37"
"2026-01-19","Transport","Chevron","42.85"
"2026-01-19","Entertainment","Museum Admission","29.08"
"2026-01-20","Transport","Costco Gas","46.72"
"2026-01-21","Bills","Software License","16.85"
"2026-01-22","Food","Taco Truck","41.33"
"2026-01-22","Transport","ExxonMobil","34.63"
"2026-01-24","Food","Kroger","45.48"
"2026-01-25","Bills","Trash Collection","83.43"
"2026-01-25","Shopping","Department Store","75.41"
"2026-01-26","Shopping","Clothing Boutique","25.04"
"2026-01-26","Transport","ExxonMobil","38.92"
"2026-01-27","Entertainment","Bowling Alley","79.82"
"2026-01-27","Entertainment","Amusement Park","71.88"
"2026-01-27","Bills","Gym Membership","19.51"
"2026-01-29","Bills","Gas Provider","85.55"
"2026-01-29","Food","Kroger","27.11"
"2026-01-29","Food","Corner Bistro","72.06"
"2026-01-29","Shopping","Home Depot","86.23"
"2026-01-30","Bills","Magazine Sub","28.78"
"2026-01-31","Bills","Magazine Sub","18.76"
"2026-01-31","Shopping","Amazon Purchase","41.29"
"2026-02-01","Food","Pizza Parlor","11.59"
"2026-02-03","Food","Pizza Parlor","19.78"
"2026-02-04","Food","Pizza Parlor","28.33"
"2026-02-04","Bills","Gas Provider","91.03"
"2026-02-05","Transport","Shell Station","31.14"
"2026-02-05","Food","Pizza Parlor","98.86"
"2026-02-07","Food","Taco Truck","82.5"
"2026-02-07","Bills","Streaming Service","26.96"
"2026-02-07","Food","Kroger","66.5"
"2026-02-07","Transport","Chevron","39.01"
"2026-02-08","Food","Taco Truck","91.19"
"2026-02-08","Food","Walmart Supercenter","91.43"
"2026-02-08","Food","Walmart Supercenter","89.69"
"2026-02-09","Bills","Streaming Service","17.69"
"2026-02-10","Food","Walmart Supercenter","43.92"
"2026-02-10","Food","Pizza Parlor","32.88"
"2026-02-11","Food","Trader Joes","100.21"
"2026-02-12","Transport","Shell Station","39.23"
"2026-02-13","Bills","Internet Service","80.91"
"2026-02-13","Shopping","Target Store","85.83"
"2026-02-13","Food","Starbucks","96.48"
"2026-02-13","Food","Pizza Parlor","93.91"
"2026-02-14","Food","Walmart Supercenter","20.05"
"2026-02-16","Transport","Shell Station","46.18"
"2026-02-16","Shopping","Department Store","32.73"
"2026-02-16","Shopping","Home Depot","58.85"
"2026-02-17","Bills","Electric Bill","83.08"
"2026-02-17","Food","Starbucks","46.74"
"2026-02-19","Transport","ExxonMobil","29.71"
"2026-02-20","Food","Kroger","45.92"
"2026-02-20","Shopping","Target Store","43.7"
"2026-02-20","Transport","Shell Station","38.91"
"2026-02-20","Shopping","Home Depot","63.27"
"2026-02-21","Food","Sushi Bar","42.79"
"2026-02-21","Food","Trader Joes","84.23"
"2026-02-23","Bills","Gym Membership","26.9"
"2026-02-24","Shopping","Department Store","24.25"
"2026-02-24","Bills","Trash Collection","87.96"
"2026-02-25","Bills","Water Utility","77.1"
"2026-02-25","Food","Corner Bistro","22.73"
"2026-02-26","Bills","Trash Collection","81.07"
"2026-02-26","Transport","Chevron","42.47"
"2026-02-26","Shopping","Clothing Boutique","46.29"
"2026-02-26","Food","Walmart Supercenter","109.22"
"2026-02-27","Food","Kroger","118.16"
"2026-02-27","Food","Trader Joes","79.07"
"2026-02-28","Shopping","Home Depot","35.12"
"2026-02-28","Food","Starbucks","18.47"
"2026-02-28","Food","Trader Joes","85.12"
"2026-03-01","Food","Whole Foods Market","110.43"
"2026-03-02","Bills","Gym Membership","20.03"
"2026-03-02","Food","Whole Foods Market","98.79"
"2026-03-04","Food","Sushi Bar","21.87"
"2026-03-05","Entertainment","Museum Admission","92.91"
"2026-03-05","Food","Pizza Parlor","47.39"
"2026-03-05","Bills","Water Utility","98.18"
"2026-03-06","Food","Walmart Supercenter","26.91"
"2026-03-06","Bills","Electric Bill","75.73"
"2026-03-06","Bills","Software License","27.95"
"2026-03-06","Transport","Chevron","48.28"
"2026-03-08","Bills","Cloud Storage","26.77"
"2026-03-09","Shopping","Amazon Purchase","20.87"
"2026-03-09","Shopping","Clothing Boutique","20.72"
"2026-03-10","Bills","Electric Bill","60.61"
"2026-03-10","Shopping","Clothing Boutique","75.44"
"2026-03-11","Shopping","Department Store","30.46"
"2026-03-11","Food","Pizza Parlor","39.66"
"2026-03-11","Shopping","Clothing Boutique","84.46"
"2026-03-12","Bills","Streaming Service","23.82"
"2026-03-12","Transport","ExxonMobil","41.8"
"2026-03-12","Shopping","Amazon Purchase","42.29"
"2026-03-12","Food","Walmart Supercenter","59.51"
"2026-03-13","Transport","Costco Gas","47.83"
"2026-03-13","Food","Pizza Parlor","58.36"
"2026-03-13","Transport","BP Gas","38.78"
"2026-03-13","Food","Starbucks","99.39"
"2026-03-15","Bills","Gas Provider","83.23"
"2026-03-15","Bills","Electric Bill","70.82"
"2026-03-15","Shopping","Clothing Boutique","96.87"
"2026-03-16","Food","Taco Truck","54.26"
"2026-03-16","Entertainment","Amusement Park","77.44"
"2026-03-16","Bills","Water Utility","71.81"
"2026-03-16","Bills","Gas Provider","43.57"
"2026-03-17","Food","Trader Joes","22.09"
"2026-03-17","Transport","Costco Gas","49.93"
"2026-03-17","Shopping","Amazon Purchase","14.82"
"2026-03-18","Shopping","Target Store","93.57"
"2026-03-18","Food","Taco Truck","52.5"
"2026-03-19","Food","Corner Bistro","88.64"
"2026-03-19","Food","Starbucks","63.07"
"2026-03-20","Transport","Shell Station","39.63"
"2026-03-20","Food","Safeway","56.32"
"2026-03-21","Bills","Trash Collection","103.15"
"2026-03-21","Food","Kroger","105.99"
"2026-03-22","Food","Safeway","139.59"
"2026-03-22","Food","Kroger","21.61"
"2026-03-22","Transport","Chevron","30.16"
"2026-03-22","Food","Sushi Bar","57.03"
"2026-03-23","Transport","BP Gas","35.09"
"2026-03-23","Food","Pizza Parlor","65.13"
"2026-03-23","Shopping","Home Depot","35.1"
"2026-03-24","Food","Taco Truck","17.34"
"2026-03-25","Entertainment","Movie Theater","47.92"
"2026-03-26","Bills","Trash Collection","86.15"
"2026-03-26","Food","Sushi Bar","76.13"
"2026-03-26","Transport","Costco Gas","31.28"
"2026-03-26","Transport","Shell Station","39.73"
"2026-03-26","Food","Trader Joes","105.02"
"2026-03-27","Bills","Streaming Service","14.44"
"2026-03-29","Food","Starbucks","85.29"
"2026-03-31","Food","Sushi Bar","17.55"
"2026-03-31","Bills","Trash Collection","49.88"
"2026-03-31","Food","Whole Foods Market","132.87"
"2026-03-31","Shopping","Clothing Boutique","11.73"
"2026-03-31","Food","Starbucks","15.95"
"2026-04-03","Entertainment","Museum Admission","42.87"
"2026-04-03","Food","Whole Foods Market","70.77"
"2026-04-03","Entertainment","Bowling Alley","14.71"
"2026-04-03","Food","Pizza Parlor","90.77"
"2026-04-04","Food","Pizza Parlor","28.2"
"2026-04-04","Transport","Chevron","39.18"
"2026-04-05","Food","Walmart Supercenter","114.06"
"2026-04-06","Food","Whole Foods Market","62.22"
"2026-04-06","Shopping","Department Store","21.09"
"2026-04-06","Food","Kroger","47.2"
"2026-04-08","Food","Walmart Supercenter","103.94"
"2026-04-08","Bills","Internet Service","119.86"
"2026-04-08","Transport","BP Gas","25.1"
"2026-04-09","Entertainment","Bowling Alley","49.77"
"2026-04-09","Food","Walmart Supercenter","42.49"
"2026-04-11","Food","Corner Bistro","14.6"
"2026-04-12","Food","Trader Joes","136.75"
"2026-04-12","Food","Taco Truck","79.77"
"2026-04-12","Bills","Software License","19.99"
"2026-04-13","Shopping","Department Store","16.0"
"2026-04-13","Transport","ExxonMobil","41.97"
"2026-04-17","Bills","Gym Membership","23.43"
"2026-04-17","Bills","Software License","19.49"
"2026-04-17","Transport","BP Gas","42.07"
"2026-04-18","Transport","Shell Station","41.16"
"2026-04-18","Food","Taco Truck","45.4"
"2026-04-18","Transport","BP Gas","34.55"
"2026-04-19","Shopping","Home Depot","21.13"
"2026-04-19","Shopping","Target Store","35.83"
"2026-04-21","Food","Starbucks","62.76"
"2026-04-21","Food","Sushi Bar","69.32"
"2026-04-21","Transport","Shell Station","41.37"
"2026-04-22","Food","Pizza Parlor","30.98"
"2026-04-23","Food","Safeway","89.61"
"2026-04-23","Food","Pizza Parlor","60.77"
"2026-04-24","Food","Walmart Supercenter","104.54"
"2026-04-24","Shopping","Amazon Purchase","34.55"
"2026-04-24","Shopping","Department Store","16.26"
"2026-04-26","Shopping","Clothing Boutique","12.95"
"2026-04-26","Shopping","Department Store","30.59"
"2026-04-27","Transport","Shell Station","28.62"
"2026-04-27","Bills","Water Utility","88.12"
"2026-04-29","Food","Corner Bistro","17.81"
"2026-04-30","Shopping","Home Depot","40.49"
"2026-04-30","Shopping","Clothing Boutique","96.07"
"2026-04-30","Food","Walmart Supercenter","107.06"
"2026-05-01","Food","Taco Truck","77.84"
"2026-05-01","Transport","Chevron","29.84"
"2026-05-02","Shopping","Target Store","20.67"
"2026-05-02","Entertainment","Amusement Park","74.36"
"2026-05-02","Transport","Shell Station","40.98"
"2026-05-03","Food","Whole Foods Market","76.68"
"2026-05-03","Bills","Trash Collection","101.95"
"2026-05-04","Transport","BP Gas","38.8"
"2026-05-04","Bills","Gym Membership","16.71"
"2026-05-04","Bills","Gas Provider","116.11"
"2026-05-06","Shopping","Amazon Purchase","74.9"
"2026-05-06","Food","Taco Truck","38.64"
"2026-05-07","Shopping","Department Store","31.08"
"2026-05-07","Food","Whole Foods Market","69.23"
"2026-05-08","Shopping","Amazon Purchase","58.92"
"2026-05-09","Shopping","Amazon Purchase","91.69"
"2026-05-12","Shopping","Clothing Boutique","12.94"
"2026-05-14","Food","Starbucks","59.08"
"2026-05-14","Transport","Chevron","25.09"
"2026-05-15","Transport","BP Gas","27.55"
"2026-05-15","Entertainment","Concert Tickets","54.31"
"2026-05-16","Food","Safeway","93.51"
"2026-05-16","Transport","Chevron","44.0"
"2026-05-16","Transport","BP Gas","40.85"
"2026-05-16","Entertainment","Amusement Park","48.01"
"2026-05-17","Transport","Shell Station","34.77"
"2026-05-17","Transport","ExxonMobil","47.21"
"2026-05-19","Bills","Magazine Sub","14.5"
"2026-05-20","Transport","ExxonMobil","26.96"
"2026-05-20","Food","Safeway","53.68"
"2026-05-21","Bills","Magazine Sub","19.03"
"2026-05-21","Food","Kroger","70.12"
"2026-05-22","Bills","Magazine Sub","11.03"
"2026-05-22","Food","Whole Foods Market","26.63"
"2026-05-23","Transport","Chevron","36.52"
"2026-05-23","Shopping","Department Store","68.4"
"2026-05-24","Food","Kroger","121.75"
"2026-05-24","Shopping","Home Depot","38.76"
"2026-05-25","Entertainment","Concert Tickets","73.34"
"2026-05-25","Transport","BP Gas","48.22"
"2026-05-25","Food","Sushi Bar","74.28"
"2026-05-26","Food","Taco Truck","69.83"
"2026-05-26","Shopping","Department Store","82.33"
"2026-05-27","Bills","Gas Provider","94.42"
"2026-05-27","Transport","Chevron","34.82"
"2026-05-27","Transport","BP Gas","45.0"
"2026-05-28","Food","Sushi Bar","38.02"
"2026-05-28","Entertainment","Movie Theater","60.94"
"2026-05-28","Food","Safeway","91.45"
"2026-05-30","Food","Pizza Parlor","62.61"
"2026-05-31","Shopping","Home Depot","20.31"
"2026-06-01","Bills","Gym Membership","21.59"
"2026-06-01","Entertainment","Bowling Alley","98.03"
"2026-06-01","Transport","ExxonMobil","29.89"
"2026-06-01","Shopping","Amazon Purchase","54.31"
"2026-06-03","Food","Corner Bistro","99.16"
"2026-06-03","Shopping","Amazon Purchase","15.5"
"2026-06-03","Food","Sushi Bar","70.64"
"2026-06-03","Shopping","Amazon Purchase","70.81"
"2026-06-03","Bills","Software License","16.19"
"2026-06-03","Bills","Magazine Sub","13.43"
"2026-06-04","Bills","Magazine Sub","29.84"
"2026-06-04","Food","Corner Bistro","72.65"
"2026-06-04","Shopping","Home Depot","27.5"
"2026-06-04","Food","Corner Bistro","94.53"
"2026-06-04","Food","Sushi Bar","73.23"
"2026-06-04","Bills","Magazine Sub","29.77"
"2026-06-05","Food","Trader Joes","134.6"
"2026-06-07","Bills","Water Utility","49.76"
"2026-06-07","Food","Walmart Supercenter","22.02"
"2026-06-07","Transport","Shell Station","35.08"
"2026-06-08","Entertainment","Museum Admission","88.39"
"2026-06-09","Bills","Software License","22.06"
"2026-06-09","Transport","ExxonMobil","40.81"
"2026-06-10","Food","Safeway","88.02"
"2026-06-10","Bills","Internet Service","109.53"
"2026-06-10","Food","Taco Truck","89.59"
"2026-06-10","Transport","ExxonMobil","26.16"
"2026-06-10","Shopping","Department Store","33.92"
"2026-06-10","Entertainment","Museum Admission","17.91"
"2026-06-11","Bills","Internet Service","88.35"
"2026-06-11","Shopping","Target Store","39.72"
"2026-06-13","Shopping","Department Store","28.78"
"2026-06-13","Food","Safeway","53.89"
"2026-06-14","Food","Sushi Bar","39.19"
"2026-06-14","Shopping","Target Store","48.54"
"2026-06-14","Bills","Magazine Sub","26.98"
"2026-06-15","Food","Corner Bistro","16.38"
"2026-06-15","Bills","Streaming Service","28.17"
"2026-06-15","Shopping","Department Store","86.41"
"2026-06-16","Shopping","Amazon Purchase","79.39"
"2026-06-16","Food","Taco Truck","52.25"
"2026-06-17","Shopping","Target Store","41.71"
"2026-06-17","Transport","ExxonMobil","38.85"
"2026-06-17","Food","Whole Foods Market","125.98"
"2026-06-18","Food","Sushi Bar","74.06"
"2026-06-18","Shopping","Home Depot","91.59"
"2026-06-19","Bills","Streaming Service","15.6"
"2026-06-19","Food","Sushi Bar","94.4"
"2026-06-19","Shopping","Clothing Boutique","91.03"
"2026-06-20","Food","Trader Joes","30.82"
"2026-06-20","Food","Kroger","79.02"
"2026-06-21","Food","Whole Foods Market","77.46"
"2026-06-21","Bills","Trash Collection","78.05"
"2026-06-22","Food","Walmart Supercenter","137.43"
"2026-06-22","Transport","BP Gas","43.04"
"2026-06-22","Shopping","Home Depot","96.29"
"2026-06-23","Transport","Shell Station","30.27"
"2026-06-23","Bills","Cloud Storage","14.89"
"2026-06-24","Bills","Water Utility","43.42"
"2026-06-24","Bills","Trash Collection","63.91"
"2026-06-24","Food","Whole Foods Market","117.18"
"2026-06-25","Bills","Gas Provider","79.57"
"2026-06-25","Food","Pizza Parlor","45.09"
"2026-06-26","Bills","Streaming Service","15.4"
"2026-06-26","Food","Taco Truck","70.23"
"2026-06-26","Entertainment","Concert Tickets","31.54"
"2026-06-28","Food","Starbucks","78.74"
"2026-06-28","Bills","Cloud Storage","24.24"
"2026-06-29","Food","Trader Joes","76.38"
"2026-06-30","Bills","Water Utility","70.33"
"2026-07-01","Food","Whole Foods Market","93.29"
"2026-07-03","Transport","Chevron","35.28"
"2026-07-04","Food","Whole Foods Market","57.96"
"2026-07-04","Transport","Shell Station","33.31"
"2026-07-05","Bills","Streaming Service","29.08"
"2026-07-05","Bills","Software License","15.85"
"2026-07-05","Food","Corner Bistro","59.32"
"2026-07-06","Food","Kroger","122.76"
"2026-07-07","Food","Pizza Parlor","25.26"
"2026-07-07","Food","Walmart Supercenter","148.19"
"2026-07-07","Food","Pizza Parlor","77.53"
"2026-07-08","Food","Pizza Parlor","94.55"
"2026-07-08","Food","Kroger","75.37"
"2026-07-08","Food","Sushi Bar","33.1"
"2026-07-08","Food","Taco Truck","88.32"
"2026-07-09","Bills","Internet Service","53.3"
"2026-07-09","Bills","Gym Membership","21.4"
"2026-07-10","Food","Trader Joes","88.71"
"2026-07-10","Bills","Streaming Service","15.76"
"2026-07-10","Food","Corner Bistro","48.35"
"2026-07-11","Bills","Electric Bill","91.43"
"2026-07-12","Food","Trader Joes","41.93"
"2026-07-14","Bills","Trash Collection","102.43"
"2026-07-14","Transport","Chevron","34.61"
"2026-07-14","Food","Sushi Bar","73.24"
"2026-07-14","Entertainment","Museum Admission","21.49"
"2026-07-14","Food","Starbucks","54.98"
"2026-07-14","Food","Trader Joes","145.9"
"2026-07-14","Shopping","Clothing Boutique","26.35"
"2026-07-15","Bills","Gym Membership","20.04"
"2026-07-16","Food","Starbucks","86.72"
"2026-07-16","Shopping","Clothing Boutique","77.66"
"2026-07-16","Bills","Gas Provider","43.68"
"2026-07-17","Food","Sushi Bar","52.38"
"2026-07-17","Bills","Trash Collection","50.14"
"2026-07-17","Entertainment","Bowling Alley","79.79"
"2026-07-18","Shopping","Amazon Purchase","76.44"
"2026-07-19","Shopping","Amazon Purchase","42.79"
"2026-07-21","Bills","Streaming Service","28.32"
"2026-07-22","Bills","Trash Collection","50.79"
"2026-07-23","Bills","Cloud Storage","12.94"
"2026-07-23","Entertainment","Amusement Park","57.39"
"2026-07-24","Food","Starbucks","54.14"
"2026-07-24","Entertainment","Bowling Alley","60.57"
"2026-07-25","Shopping","Home Depot","96.7"
"2026-07-25","Food","Whole Foods Market","138.07"
"2026-07-25","Food","Safeway","124.69"
"2026-07-26","Shopping","Home Depot","51.4"
"2026-07-26","Shopping","Amazon Purchase","40.81"
"2026-07-27","Transport","BP Gas","42.76"
"2026-07-27","Food","Kroger","127.66"
"2026-07-27","Food","Starbucks","14.25"
"2026-07-28","Entertainment","Concert Tickets","16.68"
"2026-07-30","Food","Corner Bistro","39.4"
"2026-07-30","Shopping","Target Store","75.99"
"2026-08-01","Food","Safeway","101.39"
"2026-08-02","Bills","Magazine Sub","25.48"
"2026-08-03","Bills","Trash Collection","97.74"
"2026-08-03","Food","Taco Truck","28.01"
"2026-08-03","Bills","Gym Membership","12.28"
"2026-08-04","Food","Taco Truck","14.85"
"2026-08-04","Bills","Electric Bill","82.38"
"2026-08-04","Shopping","Amazon Purchase","60.98"
"2026-08-04","Food","Corner Bistro","57.14"
"2026-08-05","Food","Whole Foods Market","121.58"
"2026-08-05","Shopping","Amazon Purchase","99.68"
"2026-08-05","Food","Corner Bistro","67.37"
"2026-08-06","Food","Sushi Bar","62.72"
"2026-08-07","Food","Walmart Supercenter","104.3"
"2026-08-08","Food","Walmart Supercenter","126.38"
"2026-08-08","Shopping","Home Depot","44.78"
"2026-08-11","Food","Whole Foods Market","26.0"
"2026-08-11","Food","Safeway","24.49"
"2026-08-11","Bills","Electric Bill","114.0"
"2026-08-13","Food","Whole Foods Market","34.38"
"2026-08-13","Entertainment","Amusement Park","52.95"
"2026-08-14","Food","Kroger","54.79"
"2026-08-14","Food","Pizza Parlor","29.97"
"2026-08-15","Bills","Software License","18.78"
"2026-08-15","Bills","Magazine Sub","21.46"
"2026-08-16","Entertainment","Bowling Alley","91.06"
"2026-08-16","Entertainment","Bowling Alley","39.89"
"2026-08-17","Shopping","Clothing Boutique","59.49"
"2026-08-18","Transport","Costco Gas","33.93"
"2026-08-18","Bills","Water Utility","95.24"
"2026-08-19","Bills","Internet Service","74.41"
"2026-08-19","Food","Taco Truck","68.99"
"2026-08-19","Bills","Electric Bill","115.95"
"2026-08-20","Food","Trader Joes","141.68"
"2026-08-20","Food","Kroger","41.88"
"2026-08-21","Bills","Trash Collection","67.05"
"2026-08-21","Bills","Gas Provider","101.56"
"2026-08-21","Food","Trader Joes","66.58"
"2026-08-21","Food","Sushi Bar","91.07"
"2026-08-21","Food","Corner Bistro","71.87"
"2026-08-22","Food","Trader Joes","96.7"
"2026-08-22","Shopping","Target Store","10.06"
"2026-08-22","Food","Safeway","131.83"
"2026-08-23","Food","Trader Joes","117.94"
"2026-08-23","Food","Trader Joes","144.31"
"2026-08-24","Shopping","Department Store","48.18"
"2026-08-24","Shopping","Department Store","92.07"
"2026-08-25","Food","Starbucks","53.34"
"2026-08-26","Transport","Costco Gas","35.11"
"2026-08-26","Shopping","Department Store","41.57"
"2026-08-27","Food","Taco Truck","75.84"
"2026-08-28","Shopping","Home Depot","51.93"
"2026-08-28","Entertainment","Concert Tickets","32.13"
"2026-08-28","Food","Pizza Parlor","55.24"
"2026-08-29","Bills","Water Utility","96.95"
"2026-08-29","Shopping","Target Store","66.89"
"2026-08-30","Shopping","Amazon Purchase","36.48"
"2026-08-30","Food","Trader Joes","149.33"
"2026-08-31","Bills","Internet Service","55.4"
"2026-08-31","Transport","Chevron","33.53"
"2026-08-31","Transport","BP Gas","40.35"
"2026-08-31","Food","Whole Foods Market","137.88"
"2026-09-02","Food","Whole Foods Market","97.91"
"2026-09-03","Shopping","Clothing Boutique","38.25"
"2026-09-03","Bills","Gym Membership","28.74"
"2026-09-03","Food","Sushi Bar","25.9"
"2026-09-03","Bills","Trash Collection","98.31"
"2026-09-04","Bills","Electric Bill","91.99"
"2026-09-05","Entertainment","Concert Tickets","58.89"
"2026-09-05","Food","Walmart Supercenter","75.65"
"2026-09-05","Food","Pizza Parlor","45.4"
"2026-09-06","Food","Sushi Bar","18.78"
"2026-09-06","Bills","Cloud Storage","21.2"
"2026-09-06","Food","Safeway","46.09"
"2026-09-06","Food","Trader Joes","129.86"
"2026-09-07","Food","Kroger","121.7"
"2026-09-08","Shopping","Clothing Boutique","51.53"
"2026-09-08","Transport","ExxonMobil","38.13"
"2026-09-09","Entertainment","Museum Admission","68.68"
"2026-09-09","Transport","BP Gas","48.16"
"2026-09-10","Food","Trader Joes","34.66"
"2026-09-12","Food","Taco Truck","76.0"
"2026-09-13","Bills","Streaming Service","25.93"
"2026-09-15","Food","Starbucks","26.48"
"2026-09-16","Bills","Magazine Sub","26.02"
"2026-09-17","Bills","Gym Membership","22.52"
"2026-09-17","Food","Taco Truck","50.11"
"2026-09-17","Transport","Costco Gas","36.15"
"2026-09-18","Food","Taco Truck","70.2"
"2026-09-18","Bills","Water Utility","56.63"
